id                  ,label                              ,community           ,pr
-1097433810190742973,michael wittner                    ,-5888010320500233275,1.0000000000000004
-7226412811198926859,igor shuvalov                      ,-5123806391895283158,1.0000000000000004
3045206282787798650 ,mustafa akinci                     ,3045206282787798650 ,1.0000000000000004
-7237872945662242169,dolly edwards                      ,-2209714333319565875,1.0000000000000004
-5321712199454861998,beaufort sea                       ,-7981629573227806010,1.0000000000000004
8735549545327376262 ,abu dhabi                          ,-3222624696690863942,1.0000000000000004
8223081395445789428 ,mary barra                         ,-5123806391895283158,1.0000000000000004
4425446607498999068 ,rob keller                         ,-6817692648362739035,1.0000000000000004
-5745752302975025861,gerald ford                        ,-5123806391895283158,1.0000000000000004
595508346171031917  ,henrique meirelles                 ,-2498084582014429470,1.0000000000000004
-1854280877140085794,ali khamenei                       ,-4678795136086809460,1.0000000000000004
6667001337750354055 ,viktor yanukovych                  ,-5123806391895283158,1.0000000000000004
3092674418480392924 ,edward jones                       ,3092674418480392924 ,1.0000000000000004
4786022390837510082 ,umaru yaradua                      ,-2209714333319565875,1.0000000000000004
1502858863154387400 ,amando tetangco jr                 ,1502858863154387400 ,1.0000000000000004
7474647856397192602 ,juan manuel santos                 ,-2498084582014429470,1.0000000000000004
6091689289007310276 ,harold hamm                        ,-5123806391895283158,1.0000000000000004
905554212738677508  ,steve bannon                       ,-5123806391895283158,1.0000000000000004
6546948422644068577 ,abu sayyaf                         ,-8026554220441592583,1.0000000000000004
2631129451197788429 ,olisa metuh                        ,-2209714333319565875,1.0000000000000004
-2590648221219211668,leopoldo lopez                     ,-2498084582014429470,1.0000000000000004
4397166787053170338 ,hideyuki sano                      ,-5888010320500233275,1.0000000000000004
-5544868121618226955,ibe kachikwu                       ,-2209714333319565875,1.0000000000000004
-1216926964751179433,jan hasselman                      ,-6817692648362739035,1.0000000000000004
-3530281169599167693,arkady dvorkovich                  ,-5123806391895283158,1.0000000000000004
420550103407222207  ,jeff lindner                       ,-8778605200936573775,1.0000000000000004
-2298273195039270531,garba shehu                        ,-2209714333319565875,1.0000000000000004
-1102485679631625452,gary johnson                       ,-5123806391895283158,1.0000000000000004
3968009107423201800 ,wes clark jr                       ,-6817692648362739035,1.0000000000000004
1816234862579105910 ,mark ruffalo                       ,-6817692648362739035,1.0000000000000004
6071396418810432554 ,steven sotloff                     ,-2209714333319565875,1.0000000000000004
5010943181244269133 ,bernie sander                      ,-5123806391895283158,1.0000000000000004
1356088846257484978 ,matthew bishop                     ,-6817692648362739035,1.0000000000000004
4689682543636010177 ,lenin moreno                       ,-2209714333319565875,1.0000000000000004
-2347820953665246459,igor sechin                        ,-5123806391895283158,1.0000000000000004
6859857853098528049 ,tom bossert                        ,-8778605200936573775,1.0000000000000004
-1031268946513902603,stephen harper                     ,-2209714333319565875,1.0000000000000004
8857432932656682524 ,jesse jackson                      ,-6817692648362739035,1.0000000000000004
8983768903213752951 ,mick mulvaney                      ,-5123806391895283158,1.0000000000000004
-1258665395754752430,sergei lavrov                      ,-5123806391895283158,1.0000000000000004
1003277080643836383 ,katya golubkova                    ,-5123806391895283158,1.0000000000000004
-2049965148602611775,superstorm sandy                   ,-8778605200936573775,1.0000000000000004
3434937228167692261 ,david rockefeller                  ,3434937228167692261 ,1.0000000000000004
8521781164735264993 ,goodluck jonathan                  ,-2209714333319565875,1.0000000000000004
6524518485244865038 ,nnamdi kanu                        ,-2209714333319565875,1.0000000000000004
4491408375132580815 ,ernest moniz                       ,-5123806391895283158,1.0000000000000004
-3538411741119108235,hilary clinton                     ,-5123806391895283158,1.0000000000000004
358803945599325659  ,david petraeus                     ,-5123806391895283158,1.0000000000000004
176533384470667199  ,alexander korzun                   ,-5123806391895283158,1.0000000000000004
4914867161379547062 ,mohammed ghobari                   ,-7505950395755327245,1.0000000000000004
-2196687321597242889,paolo gentiloni                    ,-2209714333319565875,1.0000000000000004
7538947819750950667 ,muhammadu buhari                   ,-2209714333319565875,1.0000000000000004
1023364959377668689 ,pierre trudeau                     ,-2209714333319565875,1.0000000000000004
-6620101208170088523,neil gorsuch                       ,-5123806391895283158,1.0000000000000004
180534794879450371  ,yanis varoufakis                   ,-2209714333319565875,1.0000000000000004
-8987850060965433138,enrique pena nieto                 ,-2209714333319565875,1.0000000000000004
9090640783522498836 ,aecio neves                        ,-2498084582014429470,1.0000000000000004
4257391122516689151 ,kurt russell                       ,-8311584980666851264,1.0000000000000004
-2967655140625897205,olivier jakob                      ,-6152157406336332429,1.0000000000000004
7814452207850699285 ,lincoln chafee                     ,-5123806391895283158,1.0000000000000004
-1842418496910161609,laurent fabius                     ,-5123806391895283158,1.0000000000000004
-3438100517334344641,jared kushner                      ,-5123806391895283158,1.0000000000000004
-2237566934801120401,raul grijalva                      ,-5123806391895283158,1.0000000000000004
7740064506091401917 ,joe straus                         ,-8778605200936573775,1.0000000000000004
2650009760157840387 ,tashfeen malik                     ,2650009760157840387 ,1.0000000000000004
-1646135939329321629,hilda heine                        ,-5123806391895283158,1.0000000000000004
-4862681362924802362,jason chaffetz                     ,-5123806391895283158,1.0000000000000004
-6595160185608557450,caroline valetkevitch              ,-5888010320500233275,1.0000000000000004
8324416576011001427 ,sylvie corbet                      ,-2209714333319565875,1.0000000000000004
-6133912064376264177,deb riechmann                      ,-5123806391895283158,1.0000000000000004
-8997368039501260858,cody hall                          ,-6817692648362739035,1.0000000000000004
6672343591078621330 ,judith leblanc                     ,-6817692648362739035,1.0000000000000004
74128748331539267   ,mary fallin                        ,74128748331539267   ,1.0000000000000004
-6483345718562739300,michael fallon                     ,-2209714333319565875,1.0000000000000004
-2968100763986270397,mohammed javad zarif               ,-5123806391895283158,1.0000000000000004
8938612814075982342 ,kara sea                           ,-5123806391895283158,1.0000000000000004
-8706916677913996911,patrick hodgins                    ,-2209714333319565875,1.0000000000000004
4436869293544605060 ,timor sea                          ,-6143583190690227608,1.0000000000000004
-5644081230126527937,mauricio savarese                  ,-2498084582014429470,1.0000000000000004
-2255399436524251984,robert speer                       ,-6817692648362739035,1.0000000000000004
-4300582705767753623,jim mattis                         ,-5123806391895283158,1.0000000000000004
-6917552673729649241,rob bishop                         ,-5123806391895283158,1.0000000000000004
-8111233901869538425,mia kyricos                        ,-5123806391895283158,1.0000000000000004
-7149142999481014549,alex lawler                        ,-5123806391895283158,1.0000000000000004
-6652933863730195076,laurie bobillot                    ,-7981629573227806010,1.0000000000000004
-2171465814280876030,mahmoud abbas                      ,-5123806391895283158,1.0000000000000004
8490498127424430453 ,ramzan kadyrov                     ,-5123806391895283158,1.0000000000000004
6951659756165809357 ,enele sopoaga                      ,-5123806391895283158,1.0000000000000004
4038455739488905858 ,federica mogherini                 ,-2209714333319565875,1.0000000000000004
1018642688190632507 ,don canton                         ,-6817692648362739035,1.0000000000000004
594453429778042053  ,mark cooper                        ,-5123806391895283158,1.0000000000000004
5186870195014903914 ,eric trump                         ,-5123806391895283158,1.0000000000000004
621769423853112643  ,boris nemtsov                      ,-5123806391895283158,1.0000000000000004
-5633579729100265687,mark zuckerberg                    ,-5123806391895283158,1.0000000000000004
-7075739384072536391,diosdado cabello                   ,-2498084582014429470,1.0000000000000004
-4014148296333369318,darren palmer                      ,-2209714333319565875,1.0000000000000004
2531286090920726071 ,david haines                       ,-2209714333319565875,1.0000000000000004
-380639843087160629 ,brian deese                        ,-5123806391895283158,1.0000000000000004
782645396902566231  ,dianne feinstein                   ,-2209714333319565875,1.0000000000000004
5188870395308200992 ,ed emmett                          ,-8778605200936573775,1.0000000000000004
758980103497961059  ,abu dhabi crown                    ,-3222624696690863942,1.0000000000000004
7871747628767178370 ,nicolas maduro                     ,-2498084582014429470,1.0000000000000004
2484325507448103072 ,d-los angeles                      ,-2209714333319565875,1.0000000000000004
7244244852953866925 ,paul ashworth                      ,-5888010320500233275,1.0000000000000004
4093862199957464441 ,jamie stengle                      ,-8778605200936573775,1.0000000000000004
-2965729282070997844,fayez al-sarraj                    ,1554551611396352462 ,1.0000000000000004
9034411090304042247 ,yukiya amano                       ,-4678795136086809460,1.0000000000000004
-5729020544562572248,wang yi                            ,-5123806391895283158,1.0000000000000004
-2912673077591054553,thomas j donohue                   ,-5123806391895283158,1.0000000000000004
8968304211594570857 ,dan sullivan                       ,-7981629573227806010,1.0000000000000004
-1898434984717323372,jeb bush                           ,-2376203089953264870,1.0000000000000004
-8960197832379606737,erich neitzke                      ,8132684862963203237 ,1.0000000000000004
-8659075139516535539,pete ricketts                      ,-5123806391895283158,1.0000000000000004
1960007279431588856 ,tony blair                         ,-2209714333319565875,1.0000000000000004
-8403021265468921237,carsten fritsch                    ,-5123806391895283158,1.0000000000000004
8217712736364394548 ,ada choi                           ,5602245785061237038 ,1.0000000000000004
-6117186771910231345,jeff merkley                       ,-6117186771910231345,1.0000000000000004
6381873041093583154 ,scott pruitt                       ,-5123806391895283158,1.0000000000000004
-8644651080114709438,stan lehman                        ,-2498084582014429470,1.0000000000000004
2861099842232673667 ,john malkovich                     ,-8311584980666851264,1.0000000000000004
-6037475433742513966,catherine lucey                    ,-8778605200936573775,1.0000000000000004
-9095532847110449034,patrick rios                       ,-8778605200936573775,1.0000000000000004
-1350285718846657076,olzhas auyezov                     ,-3222624696690863942,1.0000000000000004
-6079544356918891432,salva kiir                         ,-6664691230212547061,1.0000000000000004
-6631915044157937023,bill mckibben                      ,-5123806391895283158,1.0000000000000004
-3401558106062925973,jim gomez                          ,-3401558106062925973,1.0000000000000004
1004482192890443612 ,carl tannenbaum                    ,-5888010320500233275,1.0000000000000004
7423561033629485258 ,christine armario                  ,-2498084582014429470,1.0000000000000004
-8168030487073076892,stephen bannon                     ,-5123806391895283158,1.0000000000000004
-1852196532463439303,angus nicholson                    ,-5888010320500233275,1.0000000000000004
5669810817728340014 ,hermann goring                     ,-2019257571715061722,1.0000000000000004
-2019257571715061722,john donovan                       ,-2019257571715061722,1.0000000000000004
3848027836917258983 ,ahsan iqbal                        ,-5123806391895283158,1.0000000000000004
8388231231942637301 ,nestor silva                       ,-6817692648362739035,1.0000000000000004
-7512790269054083321,monte rogneby                      ,-6817692648362739035,1.0000000000000004
-1652469311467641984,bernie sanders                     ,-5123806391895283158,1.0000000000000004
-3038304460437961862,harry s truman                     ,-5123806391895283158,1.0000000000000004
-8389961796051199048,henrique capriles                  ,-2498084582014429470,1.0000000000000004
3018477597755113547 ,reince priebus                     ,-5123806391895283158,1.0000000000000004
-2924185095862151031,matthew lee                        ,-5123806391895283158,1.0000000000000004
-703758798842958219 ,bradley klapper                    ,-5123806391895283158,1.0000000000000004
-82939634550614629  ,joe batt                           ,-5123806391895283158,1.0000000000000004
3444304931624107770 ,sami aboudi                        ,495912723314298339  ,1.0000000000000004
-4783468811997181895,bassem mroue                       ,-5123806391895283158,1.0000000000000004
-7534767316327541722,steven mnuchin                     ,-5123806391895283158,1.0000000000000004
8735439507201685982 ,tibisay lucena                     ,-2498084582014429470,1.0000000000000004
1271790729568061379 ,sun pharma                         ,-6411644534435696354,1.0000000000000004
4282139899318826593 ,mitt romney                        ,-5123806391895283158,1.0000000000000004
-5870575978673607603,anton siluanov                     ,-5123806391895283158,1.0000000000000004
-5650504082345576908,saud al-faisal                     ,-5123806391895283158,1.0000000000000004
-5951374250695879160,ralph goodale                      ,-2209714333319565875,1.0000000000000004
-4766036086394000160,evo morales                        ,-2209714333319565875,1.0000000000000004
-3860506274181761999,jingyi pan                         ,-5123806391895283158,1.0000000000000004
1885508936130033677 ,john henderson                     ,-6817692648362739035,1.0000000000000004
5091350508916130398 ,andrew puzder                      ,-5123806391895283158,1.0000000000000004
9195266044310002641 ,christopher johnson                ,-5123806391895283158,1.0000000000000004
-6886373228852892218,david goldman                      ,-6817692648362739035,1.0000000000000004
8848501731074738718 ,meskwaki potawatomi                ,-6817692648362739035,1.0000000000000004
-5891338791329224134,michael mccarthy                   ,-5123806391895283158,1.0000000000000004
-7456849817323352874,rick scott                         ,-5123806391895283158,1.0000000000000004
-3034908872723999323,betsy devos                        ,-5123806391895283158,1.0000000000000004
8632782506516917507 ,jenny darnall                      ,8132684862963203237 ,1.0000000000000004
-1560252120881947258,america merrill lynch              ,-5888010320500233275,1.0000000000000004
3236309663757817358 ,rush limbaugh                      ,-5123806391895283158,1.0000000000000004
-4225374835328451288,jim carr                           ,-2209714333319565875,1.0000000000000004
-1575684124537842350,mike pompeo                        ,-5123806391895283158,1.0000000000000004
12410057707899824   ,chris murphy                       ,-5123806391895283158,1.0000000000000004
1731868121115529840 ,petro poroshenko                   ,-5123806391895283158,1.0000000000000004
-8306920077234587998,jose eduardo cardozo               ,-2498084582014429470,1.0000000000000004
-7360278664246742593,kevin mccarthy                     ,-5123806391895283158,1.0000000000000004
2021027732730365073 ,ibrahim babangida                  ,-2209714333319565875,1.0000000000000004
2338338228961608296 ,s las vegas                        ,-5123806391895283158,1.0000000000000004
-2710939004853945403,haruhiko kuroda                    ,-5888010320500233275,1.0000000000000004
-5053485538010045794,ben fox                            ,-7981629573227806010,1.0000000000000004
1668339779333898083 ,ben rhodes                         ,-5123806391895283158,1.0000000000000004
-5672994227668043651,susan walsh                        ,-5123806391895283158,1.0000000000000004
3861547997062544005 ,sean hannity                       ,-5123806391895283158,1.0000000000000004
-3463722585218783619,oceti sakowin                      ,-6817692648362739035,1.0000000000000004
-4894173984603446875,narendra modi                      ,-5123806391895283158,1.0000000000000004
-3884059009727799939,yashaswini swamynathan             ,-5888010320500233275,1.0000000000000004
1518177732294748175 ,navin ramdhun                      ,-2446107919545999447,1.0000000000000004
-3861692456531874851,jim prentice                       ,-2209714333319565875,1.0000000000000004
5512656596086630433 ,jack richter                       ,-2209714333319565875,1.0000000000000004
377008304198672281  ,bijan namdar zanganeh              ,-5123806391895283158,1.0000000000000004
361355424696276335  ,brett mcgurk                       ,-5123806391895283158,1.0000000000000004
197377902529009343  ,michael mcfaul                     ,-5123806391895283158,1.0000000000000004
-6370465169341461479,mark carney                        ,-2209714333319565875,1.0000000000000004
1850445845882857126 ,peter berg                         ,-8311584980666851264,1.0000000000000004
4306804722558609636 ,lucia mutikani                     ,-2126595006563519305,1.0000000000000004
-1264356401435835211,norman pickett                     ,8132684862963203237 ,1.0000000000000004
-5097240238462538949,nasir el-rufai                     ,-2209714333319565875,1.0000000000000004
5345010078989674752 ,brent borgstedte                   ,-8778605200936573775,1.0000000000000004
8882278595402432043 ,muhyiddin yassin                   ,-2209714333319565875,1.0000000000000004
-942000369190037122 ,societe generale                   ,-5888010320500233275,1.0000000000000004
4524033390885294559 ,ahmad kamarulzaman ahmad badaruddin,-2446107919545999447,1.0000000000000004
5198481814282868243 ,ricardo alonso-zaldivar            ,-5123806391895283158,1.0000000000000004
-1033643464929650521,hamad al                           ,-5123806391895283158,1.0000000000000004
6476916968358473459 ,jacob zuma                         ,-5757544779208025218,1.0000000000000004
-6411644534435696354,bharti airtel                      ,-6411644534435696354,1.0000000000000004
3043621579077480904 ,chuck schumer                      ,-5123806391895283158,1.0000000000000004
-6950990616566973209,luiz inacio lula                   ,-2498084582014429470,1.0000000000000004
6132106858894494217 ,joye braun                         ,-6817692648362739035,1.0000000000000004
5148248206110164236 ,chris christie                     ,-2376203089953264870,1.0000000000000004
-8300551750073803627,john barrasso                      ,-5123806391895283158,1.0000000000000004
7269052597993024687 ,ernest scheyder                    ,3911199180912078623 ,1.0000000000000004
-319213317550603216 ,barack obama                       ,-5123806391895283158,1.0000000000000004
-2030977886066610622,donald trump                       ,-5123806391895283158,1.0000000000000004
-8283919745813232577,jason rezaian                      ,-4678795136086809460,1.0000000000000004
5169039416945786504 ,steve bohlen                       ,-2209714333319565875,1.0000000000000004
-3678641899310922224,dave zaniboni                      ,-2209714333319565875,1.0000000000000004
-1808812747603547780,los angeles                        ,-2209714333319565875,1.0000000000000004
-5650405956671312793,rena fritch                        ,8132684862963203237 ,1.0000000000000004
-2195368857514539304,sheldon whitehouse                 ,-5123806391895283158,1.0000000000000004
8061477648783161194 ,sarah huckabee sanders             ,-5123806391895283158,1.0000000000000004
2207951181910596230 ,omar bongo                         ,-9046669626393335991,1.0000000000000004
1999713366976756022 ,andrew harnik                      ,-5123806391895283158,1.0000000000000004
-352743772921911031 ,rudy giuliani                      ,-5123806391895283158,1.0000000000000004
8299787979116023539 ,saleh al-sada                      ,-5123806391895283158,1.0000000000000004
-1731027801387243744,jens stoltenberg                   ,-2209714333319565875,1.0000000000000004
4598025016433322182 ,marco rubio                        ,-2376203089953264870,1.0000000000000004
-6696118242953841843,sergei shoigu                      ,-5123806391895283158,1.0000000000000004
-6032953878285540342,john mccain                        ,-5123806391895283158,1.0000000000000004
4997528300297830977 ,luis almagro                       ,-2498084582014429470,1.0000000000000004
-5546905861789152862,heidi heitkamp                     ,-6817692648362739035,1.0000000000000004
8031900620414283148 ,uhuru kenyatta                     ,-5123806391895283158,1.0000000000000004
2068313584669147388 ,jorge machaen                      ,8132684862963203237 ,1.0000000000000004
-2246787533204096032,eshaq jahangiri                    ,-4678795136086809460,1.0000000000000004
-1873384486558189896,dan patrick                        ,-8778605200936573775,1.0000000000000004
-6557087886148043414,mingpao roger kwok                 ,5602245785061237038 ,1.0000000000000004
8654033189895303472 ,david fleischer                    ,-2498084582014429470,1.0000000000000004
3628073587866111761 ,magne barth                        ,-5123806391895283158,1.0000000000000004
-6458167211260881370,carl vinson                        ,-5123806391895283158,1.0000000000000004
-7764520725921474676,james comey                        ,-5123806391895283158,1.0000000000000004
-5436147869070522378,rodrigo janot                      ,-2498084582014429470,1.0000000000000004
-2573317583224643731,henri deterding                    ,-2019257571715061722,1.0000000000000004
-8483830273295168553,joseph aucoin                      ,-2446107919545999447,1.0000000000000004
1832510329768604584 ,paul ryan                          ,-5123806391895283158,1.0000000000000004
475327060407514070  ,eliza sam                          ,5602245785061237038 ,1.0000000000000004
3424178161097764301 ,josh lederman                      ,-5123806391895283158,1.0000000000000004
-240221642038059400 ,jo-ellen darcy                     ,-6817692648362739035,1.0000000000000004
-2590215365264372847,jenna kemp                         ,-5285211027918953228,1.0000000000000004
4349773873657096066 ,massoud barzani                    ,-2209714333319565875,1.0000000000000004
-4320916854537293366,jane kleeb                         ,-5123806391895283158,1.0000000000000004
-4217944548461635890,indian ocean                       ,-2209714333319565875,1.0000000000000004
-912338197588528809 ,colin powell                       ,-5123806391895283158,1.0000000000000004
-6228318847187622648,rona ambrose                       ,-2209714333319565875,1.0000000000000004
-3970014383349214055,zeina karam                        ,-5123806391895283158,1.0000000000000004
-8326039215255869096,christopher weber                  ,-2209714333319565875,1.0000000000000004
-5888010320500233275,tanya agrawal                      ,-5888010320500233275,1.0000000000000004
7145975412335589964 ,heather nauert                     ,-5123806391895283158,1.0000000000000004
-6403456506570260016,antonio ledezma                    ,-2498084582014429470,1.0000000000000004
-6143583190690227608,xanana gusmao                      ,-6143583190690227608,1.0000000000000004
6700158222676742348 ,vicki granado                      ,-6817692648362739035,1.0000000000000004
5292917381646499355 ,jiang jiemin                       ,2958395493142850367 ,1.0000000000000004
-2396370213945007017,barbara bush                       ,-5123806391895283158,1.0000000000000004
-3295792317031217963,paul manafort                      ,-5123806391895283158,1.0000000000000004
3463066277393505315 ,chuck hagel                        ,-5123806391895283158,1.0000000000000004
-6817692648362739035,jack dalrymple                     ,-6817692648362739035,1.0000000000000004
-2322882221466225088,mark zandi                         ,-5888010320500233275,1.0000000000000004
-9046669626393335991,ali bongo                          ,-9046669626393335991,1.0000000000000004
5894814673196051032 ,gary cohn                          ,-5123806391895283158,1.0000000000000004
4758619683741518573 ,eric schneiderman                  ,-5123806391895283158,1.0000000000000004
-4110069703337102705,abdel-fattah el-sissi              ,-2209714333319565875,1.0000000000000004
-1803485448045374332,fumio kishida                      ,-3401558106062925973,1.0000000000000004
-6483147917796880897,tom iverson                        ,-6817692648362739035,1.0000000000000004
8984620194342160184 ,saeed abedini                      ,-4678795136086809460,1.0000000000000004
-7973773623518359827,timothy gardner                    ,-5123806391895283158,1.0000000000000004
-6378648197850386867,bobby jindal                       ,-2376203089953264870,1.0000000000000004
-603155051097730115 ,elon musk                          ,-5123806391895283158,1.0000000000000004
2995836344708591032 ,henning gloystein                  ,-5123806391895283158,1.0000000000000004
-1735531465603307422,el nino                            ,-2209714333319565875,1.0000000000000004
-8529912235552352334,maria cantwell                     ,-7981629573227806010,1.0000000000000004
7701366164418666024 ,el capitan                         ,-2209714333319565875,1.0000000000000004
-7528366902548308   ,nigel farage                       ,-2209714333319565875,1.0000000000000004
-8709505537947231862,rafael correa                      ,-2209714333319565875,1.0000000000000004
-7448063912344252572,robert bea                         ,-2209714333319565875,1.0000000000000004
-7444383465975309377,condoleezza rice                   ,-5123806391895283158,1.0000000000000004
-5470782197706017503,lok sabha                          ,-5470782197706017503,1.0000000000000004
-7205442634066439509,eric meijer                        ,-5888010320500233275,1.0000000000000004
433675138669271630  ,kerry kemp                         ,-5285211027918953228,1.0000000000000004
-7695077803468780495,kyle kirchmeier                    ,-6817692648362739035,1.0000000000000004
-3807661621276085826,jim inhofe                         ,-5123806391895283158,1.0000000000000004
5690402462881397655 ,king salman                        ,-5123806391895283158,1.0000000000000004
6169053225138654698 ,michael brune                      ,-5123806391895283158,1.0000000000000004
-2148898543735823396,mike duffy                         ,-2209714333319565875,1.0000000000000004
-4467744812416310249,curtis smith                       ,-7981629573227806010,1.0000000000000004
351689780619130825  ,elizabeth warren                   ,-5123806391895283158,1.0000000000000004
-6156992426766342121,tony abbott                        ,-2209714333319565875,1.0000000000000004
6232840699060590306 ,tammy webber                       ,-8778605200936573775,1.0000000000000004
-2044860810365040296,randolph t holhut                  ,-5123806391895283158,1.0000000000000004
-1861103706999304260,paul j weber                       ,-8778605200936573775,1.0000000000000004
-5359310157838025608,saad al-hadithi                    ,-4678795136086809460,1.0000000000000004
-3489637993889021587,richard wiseman                    ,-2019257571715061722,1.0000000000000004
-8288940420225851572,el faro                            ,-7981629573227806010,1.0000000000000004
2664843183218588407 ,mary landrieu                      ,-5123806391895283158,1.0000000000000004
5938483825255926276 ,dave archambault                   ,-6817692648362739035,1.0000000000000004
8660984676203185851 ,nicole winfield                    ,-2209714333319565875,1.0000000000000004
1829182820780899682 ,philip hammond                     ,-5123806391895283158,1.0000000000000004
1417210404697452834 ,eric tucker                        ,-5123806391895283158,1.0000000000000004
-3467400882301642596,wahid supriyadi                    ,-4678795136086809460,1.0000000000000004
476135616677260618  ,dilma rousseff                     ,-2498084582014429470,1.0000000000000004
4706356666700410987 ,dave heineman                      ,-5123806391895283158,1.0000000000000004
3888462923316716117 ,kanye west                         ,-5123806391895283158,1.0000000000000004
2958395493142850367 ,zhou yongkang                      ,2958395493142850367 ,1.0000000000000004
5347642570561376943 ,john d rockefeller                 ,3434937228167692261 ,1.0000000000000004
-5048082271770983855,ayodele fayose                     ,-2209714333319565875,1.0000000000000004
-594195357039030174 ,vladimir soldatkin                 ,-5123806391895283158,1.0000000000000004
-6537585967691811672,chrystia freeland                  ,-2209714333319565875,1.0000000000000004
-6150731274223034299,marine le pen                      ,-2209714333319565875,1.0000000000000004
-4729589068185710698,tayyip erdogan                     ,-5123806391895283158,1.0000000000000004
7519218881764246375 ,hillary rodham clinton             ,-5123806391895283158,1.0000000000000004
89908499574621169   ,robert menendez                    ,-5123806391895283158,1.0000000000000004
-2485068596468117733,hasan rouhani                      ,-4678795136086809460,1.0000000000000004
4609443826250990848 ,jeffrey halley                     ,-5123806391895283158,1.0000000000000004
196225144506262727  ,ed murray                          ,-7981629573227806010,1.0000000000000004
5706353703463528776 ,sara tarrant                       ,8132684862963203237 ,1.0000000000000004
492098749013532362  ,cecily fong                        ,-6817692648362739035,1.0000000000000004
-8127475772304732794,fran pavley                        ,-2209714333319565875,1.0000000000000004
6877548276407382121 ,ben carson                         ,-2376203089953264870,1.0000000000000004
6428672766244521100 ,globaldata globaldata              ,-5888010320500233275,1.0000000000000004
6342774253820456939 ,sally jewell                       ,-6817692648362739035,1.0000000000000004
-4797428766683497365,mark rutte                         ,-5123806391895283158,1.0000000000000004
-8934932909377289061,harry truman                       ,-5123806391895283158,1.0000000000000004
-5451732678002101533,tarek william saab                 ,-2498084582014429470,1.0000000000000004
-3792228007270265448,harold frazier                     ,-6817692648362739035,1.0000000000000004
-7405476888601717247,tom fargione                       ,-7405476888601717247,1.0000000000000004
1371428353417041331 ,vijay mallya                       ,1371428353417041331 ,1.0000000000000004
-2138437462078074953,ed royce                           ,-5123806391895283158,1.0000000000000004
-8245114520466503739,j scott applewhite                 ,-5123806391895283158,1.0000000000000004
-7241306346921812835,binali yildirim                    ,-2209714333319565875,1.0000000000000004
-5697900219464244813,darlene superville                 ,-5123806391895283158,1.0000000000000004
4008734897837165765 ,adel al-jubeir                     ,-5123806391895283158,1.0000000000000004
-7952294823190575687,george h w bush                    ,-5123806391895283158,1.0000000000000004
-5358653244239667776,john f kennedy                     ,-5123806391895283158,1.0000000000000004
6250104433598826    ,beppe grillo                       ,-2209714333319565875,1.0000000000000004
5808937901564062267 ,james inhofe                       ,-5123806391895283158,1.0000000000000004
-4001722324483238694,sergio moro                        ,-2498084582014429470,1.0000000000000004
2103532825457102704 ,andrew cuomo                       ,-5123806391895283158,1.0000000000000004
-8778605200936573775,diana heidgerd                     ,-8778605200936573775,1.0000000000000004
1081776048420974096 ,henry kissinger                    ,-5123806391895283158,1.0000000000000004
7057901374721219905 ,gregor robertson                   ,-2209714333319565875,1.0000000000000004
-5285211027918953228,lora waraksa                       ,-5285211027918953228,1.0000000000000004
-441503973431915681 ,justin trudeau                     ,-2209714333319565875,1.0000000000000004
-5028022412942399129,frank-walter steinmeier            ,-4678795136086809460,1.0000000000000004
4597496278696785383 ,ed gonzalez                        ,-8778605200936573775,1.0000000000000004
431963907788558117  ,craig erlam                        ,-5888010320500233275,1.0000000000000004
-4329752469668364679,lech walesa                        ,-5123806391895283158,1.0000000000000004
4047807845302405442 ,blake nicholson                    ,-6817692648362739035,1.0000000000000004
-7937406015722907776,vladimir padrino                   ,-2498084582014429470,1.0000000000000004
-7866687731037512168,gina mccarthy                      ,-5123806391895283158,1.0000000000000004
6328212262133325902 ,susan sarandon                     ,-6817692648362739035,1.0000000000000004
-2868069859664123583,melissa munguia                    ,-8778605200936573775,1.0000000000000004
-1385774087472095066,guillermo lasso                    ,-2209714333319565875,1.0000000000000004
5049959027086869363 ,raul castro                        ,-5123806391895283158,1.0000000000000004
-1589286033025909364,lael brainard                      ,-5888010320500233275,1.0000000000000004
8086321949898543665 ,sylvester turner                   ,-8778605200936573775,1.0000000000000004
4364325953569386877 ,marcelo odebrecht                  ,-2498084582014429470,1.0000000000000004
-344530197605253002 ,hannah dreier                      ,-2498084582014429470,1.0000000000000004
660828824935539482  ,dennis lockhart                    ,-5888010320500233275,1.0000000000000004
3732957695425097076 ,ryan hignight                      ,-6817692648362739035,1.0000000000000004
8630810678956296831 ,ryan sitton                        ,-7405476888601717247,1.0000000000000004
4778865374038026103 ,esther george                      ,-5888010320500233275,1.0000000000000004
-3020728983800038379,joseph dunford                     ,-5123806391895283158,1.0000000000000004
7900783657266003435 ,anthony scaramucci                 ,-5123806391895283158,1.0000000000000004
-8637585983030559997,khalifa hifter                     ,-5123806391895283158,1.0000000000000004
-3125135966719759319,nagorno karabakh                   ,-3125135966719759319,1.0000000000000004
2976762873055313603 ,chris coons                        ,-5123806391895283158,1.0000000000000004
6891633248965691680 ,santa barbara                      ,-2209714333319565875,1.0000000000000004
1755457860918873138 ,john alfred donovan                ,-2019257571715061722,1.0000000000000004
3392124192403595158 ,jeremy corbyn                      ,-2209714333319565875,1.0000000000000004
-8800856954420026473,mohammad javad zarif               ,-4678795136086809460,1.0000000000000004
-5842301292766507296,ryan zinke                         ,-5123806391895283158,1.0000000000000004
-7910751992240669385,julian assange                     ,-2209714333319565875,1.0000000000000004
4024005794333692284 ,greg abbott                        ,-8778605200936573775,1.0000000000000004
-6536109092005166874,savio dsouza                       ,-5888010320500233275,1.0000000000000004
-3276696242701905585,christopher bodeen                 ,-3401558106062925973,1.0000000000000004
7924808882512459872 ,rafael ramirez                     ,-2498084582014429470,1.0000000000000004
8543269953637669811 ,kate hudson                        ,-8311584980666851264,1.0000000000000004
4420057763900089647 ,hosni mubarak                      ,-2209714333319565875,1.0000000000000004
3911199180912078623 ,terry wade                         ,3911199180912078623 ,1.0000000000000004
9086266514952383251 ,john boehner                       ,-5123806391895283158,1.0000000000000004
-8322973427523912719,francois delattre                  ,-5123806391895283158,1.0000000000000004
-5078956532520726013,ben cardin                         ,-5123806391895283158,1.0000000000000004
8231688985140977271 ,maruti suzuki                      ,-6411644534435696354,1.0000000000000004
5856445486635177175 ,matt skinner                       ,74128748331539267   ,1.0000000000000004
2983020730080314239 ,kevin mcgill                       ,-2209714333319565875,1.0000000000000004
9005295661433112354 ,david jones                        ,-5888010320500233275,1.0000000000000004
1650545901460872628 ,phyllis young                      ,-6817692648362739035,1.0000000000000004
-5498033252587944938,nick zieminski                     ,-5888010320500233275,1.0000000000000004
1901963416073961874 ,andre penner                       ,-2498084582014429470,1.0000000000000004
8693094688026702427 ,john bolton                        ,-5123806391895283158,1.0000000000000004
-6863977572833650026,delfin lorenzana                   ,-3401558106062925973,1.0000000000000004
-7531676124604896595,bob corker                         ,-5123806391895283158,1.0000000000000004
8465637361048996806 ,russ girling                       ,-5123806391895283158,1.0000000000000004
-3034747171331345424,james boasberg                     ,-6817692648362739035,1.0000000000000004
6373727152685515717 ,siti aisyah                        ,6373727152685515717 ,1.0000000000000004
5163195876704305245 ,brian youngberg                    ,3092674418480392924 ,1.0000000000000004
-3650651969813047305,dick cheney                        ,-5123806391895283158,1.0000000000000004
1293994422478302378 ,jean ping                          ,-9046669626393335991,1.0000000000000004
-3587018700784064825,shailene woodley                   ,-6817692648362739035,1.0000000000000004
8170816215699508854 ,al franken                         ,-5123806391895283158,1.0000000000000004
6387706026550614801 ,alexis akwagyiram                  ,-2209714333319565875,1.0000000000000004
2235637275526571256 ,tom mulcair                        ,-2209714333319565875,1.0000000000000004
-888938630539602881 ,gary ross                          ,-5123806391895283158,1.0000000000000004
-2514445114590479996,tom stromme                        ,-5123806391895283158,1.0000000000000004
1934662040127083418 ,john cornyn                        ,-5123806391895283158,1.0000000000000004
7637037118574180081 ,david warren                       ,-8778605200936573775,1.0000000000000004
-3800629854907606350,martin dempsey                     ,-5123806391895283158,1.0000000000000004
2199154810170484383 ,mark toner                         ,-5123806391895283158,1.0000000000000004
8877497976988909722 ,jacqueline savitz                  ,-7981629573227806010,1.0000000000000004
6058238438453287039 ,reem shamseddine                   ,-5123806391895283158,1.0000000000000004
-2710355389444326274,mohammad khatami                   ,-4678795136086809460,1.0000000000000004
-2489989893588310274,anatoly antonov                    ,-5123806391895283158,1.0000000000000004
173344757297817918  ,nichola saminather                 ,-5123806391895283158,1.0000000000000004
6008067634782732883 ,harry reid                         ,-5123806391895283158,1.0000000000000004
-5007303903936541828,don young                          ,-7981629573227806010,1.0000000000000004
-1243501230651233498,alhaji lai mohammed                ,-2209714333319565875,1.0000000000000004
5335998171992817134 ,catherine reheis-boyd              ,-2209714333319565875,1.0000000000000004
7522638494915887749 ,syed farook                        ,2650009760157840387 ,1.0000000000000004
-2703590578204645970,mike lee                           ,-5123806391895283158,1.0000000000000004
7382512290625123343 ,fulgencio batista                  ,-5123806391895283158,1.0000000000000004
-2284657221715940484,asia pacific                       ,-5888010320500233275,1.0000000000000004
8339635973745217819 ,emmanuel ibe kachikwu              ,-2209714333319565875,1.0000000000000004
-2492801458540149946,nana akufo                         ,-6512094970004867610,1.0000000000000004
-2597550477887731461,rania el gamal                     ,-5123806391895283158,1.0000000000000004
2873133290080674816 ,bashar al-assad                    ,-5123806391895283158,1.0000000000000004
2713566996931415631 ,mikhail khodorkovsky               ,-5123806391895283158,1.0000000000000004
6382886405921188060 ,john kerry                         ,-5123806391895283158,1.0000000000000004
-3640092502248719675,john thune                         ,-5123806391895283158,1.0000000000000004
-9136938695385269239,tim kaine                          ,-5123806391895283158,1.0000000000000004
6306074510567183512 ,michael graczyk                    ,-8778605200936573775,1.0000000000000004
8362159504359081991 ,kim jong                           ,-5123806391895283158,1.0000000000000004
-8177652931351887783,kemi adeosun                       ,-2209714333319565875,1.0000000000000004
-3929287170143851930,tom steyer                         ,-5123806391895283158,1.0000000000000004
-2868799911054493240,eduardo cunha                      ,-2498084582014429470,1.0000000000000004
-3667304286433625432,attahiru jega                      ,-2209714333319565875,1.0000000000000004
-4797701703970492641,felix onuah                        ,-2209714333319565875,1.0000000000000004
8354133301109015038 ,andrew taylor                      ,-5123806391895283158,1.0000000000000004
284779834664144711  ,abdel fattah al-sisi               ,-2209714333319565875,1.0000000000000004
-4202918837552311470,martin luther king jr              ,-5123806391895283158,1.0000000000000004
5762587854643165944 ,alexei kudrin                      ,-5123806391895283158,1.0000000000000004
187123691878182345  ,saddam hussein                     ,-2209714333319565875,1.0000000000000004
8290146907089535576 ,john kelly                         ,-5123806391895283158,1.0000000000000004
-7852746510266638865,jorge glas                         ,-2209714333319565875,1.0000000000000004
-6873292281003262945,bako sahakyan                      ,-3125135966719759319,1.0000000000000004
2056194467090207696 ,janney montgomery scott            ,2056194467090207696 ,1.0000000000000004
-5340488675093544494,alvaro uribe                       ,-2498084582014429470,1.0000000000000004
-645147010875212004 ,lisa murkowski                     ,-7981629573227806010,1.0000000000000004
4184381332395750060 ,theresa may                        ,-2209714333319565875,1.0000000000000004
6832474468425098270 ,karl ritter                        ,-5123806391895283158,1.0000000000000004
1895831117862637425 ,fethullah gulen                    ,-2209714333319565875,1.0000000000000004
7982995984997058278 ,stephane dujarric                  ,-5123806391895283158,1.0000000000000004
-2325711285380119741,ho chi minh                        ,-2325711285380119741,1.0000000000000004
-8865401506527013369,james dalgleish                    ,-5123806391895283158,1.0000000000000004
-7785477001454473023,catherine ashton                   ,-5123806391895283158,1.0000000000000004
7127901649279908452 ,kelly ayotte                       ,-5123806391895283158,1.0000000000000004
-73500730170830284  ,catherine mckenna                  ,-2209714333319565875,1.0000000000000004
-6527875328048058380,steven chu                         ,-5123806391895283158,1.0000000000000004
8344494712559261140 ,carla youngbear                    ,-6817692648362739035,1.0000000000000004
-2073640711574498772,godwin emefiele                    ,-2209714333319565875,1.0000000000000004
-9156255397278359948,ben van beurden                    ,-9156255397278359948,1.0000000000000004
-4389296294014978424,jean-claude juncker                ,-2209714333319565875,1.0000000000000004
-4556773722901270402,celine aswad                       ,-3222624696690863942,1.0000000000000004
7288716698609910135 ,newt gingrich                      ,-5123806391895283158,1.0000000000000004
-860406776216032713 ,corina pons                        ,-2498084582014429470,1.0000000000000004
2534425727654152746 ,al qaeda                           ,-5123806391895283158,1.0000000000000004
2330092998442649523 ,shinzo abe                         ,-5123806391895283158,1.0000000000000004
9052133369511582054 ,ali al-sistani                     ,-2209714333319565875,1.0000000000000004
1999682101435564278 ,abdullah al-thinni                 ,1554551611396352462 ,1.0000000000000004
-758527018290989534 ,david cameron                      ,-2209714333319565875,1.0000000000000004
633087338846443428  ,angela merkel                      ,-2209714333319565875,1.0000000000000004
-8046596491379678834,megan partlow                      ,-2446107919545999447,1.0000000000000004
-983490177740571051 ,jon gambrell                       ,-5123806391895283158,1.0000000000000004
9014183989093063301 ,michael flynn                      ,-5123806391895283158,1.0000000000000004
5940218454637650695 ,rashid al maktoum                  ,-3222624696690863942,1.0000000000000004
-2540231989603794937,hablas espa                        ,-2540231989603794937,1.0000000000000004
5602245785061237038 ,babyjohn choi                      ,5602245785061237038 ,1.0000000000000004
-2421143275206975306,brian ellsworth                    ,-2498084582014429470,1.0000000000000004
-3551898636660656400,tareck el aissami                  ,-2498084582014429470,1.0000000000000004
839908832040029970  ,jason dearen                       ,-5123806391895283158,1.0000000000000004
-5536179139737943052,gary herbert                       ,-5123806391895283158,1.0000000000000004
1912009536204813657 ,eric schultz                       ,-5123806391895283158,1.0000000000000004
-798982772758647182 ,kayla mueller                      ,-8026554220441592583,1.0000000000000004
-7036573288380974412,abubakar shekau                    ,-2209714333319565875,1.0000000000000004
2784257201517212856 ,benjamin netanyahu                 ,-4678795136086809460,1.0000000000000004
1844958083815511630 ,laudato si                         ,-2209714333319565875,1.0000000000000004
8110740650254788499 ,ruhollah khomeini                  ,-4678795136086809460,1.0000000000000004
-6372159374461404326,stephen miller                     ,-5123806391895283158,1.0000000000000004
-3135427461330758141,dwight eisenhower                  ,-5123806391895283158,1.0000000000000004
-2891625488335467163,boris johnson                      ,-2209714333319565875,1.0000000000000004
3210026725058173369 ,rahul gandhi                       ,-5470782197706017503,1.0000000000000004
2070815081487933678 ,matthew rycroft                    ,-5123806391895283158,1.0000000000000004
-6406004153667163617,wilbur ross                        ,-5123806391895283158,1.0000000000000004
3713775365901322386 ,john bel edwards                   ,-8778605200936573775,1.0000000000000004
8665137029853177390 ,alexis tsipras                     ,-2209714333319565875,1.0000000000000004
-4452816807225845246,jason neely                        ,-5123806391895283158,1.0000000000000004
-4119471098201915446,mary clare jalonick                ,-5123806391895283158,1.0000000000000004
-8310023719465909789,raymond james                      ,-8310023719465909789,1.0000000000000004
-4435448644003266942,adams oshiomhole                   ,-2209714333319565875,1.0000000000000004
7389133282601414282 ,masoud barzani                     ,-2209714333319565875,1.0000000000000004
791840264222322750  ,anwar ibrahim                      ,-2209714333319565875,1.0000000000000004
-4399356968157604483,myron ebell                        ,-5123806391895283158,1.0000000000000004
-8087340096537787169,mark giuliano                      ,-5285211027918953228,1.0000000000000004
-5757544779208025218,pravin gordhan                     ,-5757544779208025218,1.0000000000000004
-5044865441892422651,ivanka trump                       ,-5123806391895283158,1.0000000000000004
1633045344658914223 ,charles whalen                     ,-6817692648362739035,1.0000000000000004
1396659041461220869 ,megyn kelly                        ,-5123806391895283158,1.0000000000000004
-6008091149772391724,martin kobler                      ,-5123806391895283158,1.0000000000000004
-1958301884448221452,laura powell                       ,-5123806391895283158,1.0000000000000004
7816974886793045061 ,renan calheiros                    ,-2498084582014429470,1.0000000000000004
-1337208025705228071,liu zhenmin                        ,-3401558106062925973,1.0000000000000004
6138678401118577959 ,najib razak                        ,-2209714333319565875,1.0000000000000004
6991482002228067947 ,pope franci                        ,-2209714333319565875,1.0000000000000004
-4099678600714178282,ariana cubillos                    ,-2498084582014429470,1.0000000000000004
8522505115708848705 ,donnell preskey                    ,-6817692648362739035,1.0000000000000004
6031366450910913483 ,paul simao                         ,-2126595006563519305,1.0000000000000004
6621018677691448471 ,rotimi amaechi                     ,-2209714333319565875,1.0000000000000004
-1669859730989940941,dmitry medvedev                    ,-5123806391895283158,1.0000000000000004
-6447889342766295087,peter navarro                      ,-5123806391895283158,1.0000000000000004
-5017367824652228076,russell begaye                     ,-5123806391895283158,1.0000000000000004
-3115061109124204948,j paul getty                       ,-2209714333319565875,1.0000000000000004
-6412962709818717980,shinichi saoshiro                  ,-5888010320500233275,1.0000000000000004
4879160220879605310 ,fernando henrique cardoso          ,-2498084582014429470,1.0000000000000004
3566244866527376782 ,alan greenspan                     ,-5888010320500233275,1.0000000000000004
-7307499440247746056,wolfgang schaeuble                 ,-2209714333319565875,1.0000000000000004
-966112708407853123 ,sergio machado                     ,-2498084582014429470,1.0000000000000004
9164093149223641419 ,mevlut cavusoglu                   ,-5123806391895283158,1.0000000000000004
-4383427925976837532,kellyanne conway                   ,-5123806391895283158,1.0000000000000004
6159299216786126563 ,adolf hitler                       ,-2019257571715061722,1.0000000000000004
3048861875770288762 ,william scherman                   ,-6817692648362739035,1.0000000000000004
3673172251135641489 ,lyndon johnson                     ,-5123806391895283158,1.0000000000000004
-4499519178490962713,michael biesecker                  ,-5123806391895283158,1.0000000000000004
523098992404713312  ,stanley fischer                    ,-5888010320500233275,1.0000000000000004
8702207796235098145 ,elaine kurtenbach                  ,-5123806391895283158,1.0000000000000004
-7356281588370713987,dharmendra pradhan                 ,-5123806391895283158,1.0000000000000004
6537151015827973909 ,bernadette meehan                  ,-8026554220441592583,1.0000000000000004
-8526922800236202304,mark randell                       ,74128748331539267   ,1.0000000000000004
1932551752666018672 ,bashar assad                       ,-5123806391895283158,1.0000000000000004
-232442968513540034 ,george w bush                      ,-5123806391895283158,1.0000000000000004
-8385357557969973858,robert grady                       ,-5123806391895283158,1.0000000000000004
5925519344790501494 ,jimmy carter                       ,-5123806391895283158,1.0000000000000004
-6512094970004867610,john mahama                        ,-6512094970004867610,1.0000000000000004
4839142252854946107 ,carolyn kaster                     ,-5123806391895283158,1.0000000000000004
-6862812080889638013,hun sen                            ,-3401558106062925973,1.0000000000000004
-2876979887011961297,alexander novak                    ,-5123806391895283158,1.0000000000000004
-2962050181469586421,alison redford                     ,-2209714333319565875,1.0000000000000004
8174476266717855933 ,andrew torchia                     ,-3222624696690863942,1.0000000000000004
-6664691230212547061,riek machar                        ,-6664691230212547061,1.0000000000000004
2763507797637853723 ,maura healey                       ,-5123806391895283158,1.0000000000000004
-2209714333319565875,hillary clinton                    ,-5123806391895283158,1.0000000000000004
7622153264349607146 ,matteo renzi                       ,-2209714333319565875,1.0000000000000004
1098278059664356283 ,janet yellen                       ,-5888010320500233275,1.0000000000000004
-4230325695228945703,ron wyden                          ,-6117186771910231345,1.0000000000000004
255048026679909788  ,christy clark                      ,-2209714333319565875,1.0000000000000004
5166742641393285543 ,kate warne                         ,3092674418480392924 ,1.0000000000000004
1604283612793396827 ,moamer kadhafi                     ,1554551611396352462 ,1.0000000000000004
-4852392759553749001,arun jaitley                       ,-5470782197706017503,1.0000000000000004
2082255006670207919 ,tanya gadbaw                       ,8132684862963203237 ,1.0000000000000004
-6340090656587306807,david gregorio                     ,-5123806391895283158,1.0000000000000004
7847643209716875905 ,robert gates                       ,-5123806391895283158,1.0000000000000004
10658375623617367   ,tom shannon                        ,-5123806391895283158,1.0000000000000004
1943401871528076639 ,john kasich                        ,-2376203089953264870,1.0000000000000004
3789649937928275809 ,jason miller                       ,-5123806391895283158,1.0000000000000004
7981328830805456387 ,kim jong nam                       ,6373727152685515717 ,1.0000000000000004
-4460943408250803018,fred upton                         ,-5123806391895283158,1.0000000000000004
-2126595006563519305,andrea ricci                       ,-2126595006563519305,1.0000000000000004
-6382392143015061659,brian jean                         ,-2209714333319565875,1.0000000000000004
-8354583715484812084,mike pence                         ,-5123806391895283158,1.0000000000000004
-6984833761193674081,jeroen dijsselbloem                ,-2209714333319565875,1.0000000000000004
-5862124489111824165,andrew cawthorne                   ,-2498084582014429470,1.0000000000000004
7621232311076131365 ,loretta lynch                      ,-6817692648362739035,1.0000000000000004
-977966794734927473 ,ronald reagan                      ,-5123806391895283158,1.0000000000000004
1210001521526861079 ,julie bishop                       ,-2209714333319565875,1.0000000000000004
3623984439404617066 ,anand james                        ,-5841166777524364385,1.0000000000000004
-6351389831618156138,robert kaluza                      ,-6351389831618156138,1.0000000000000004
-6559970940915010976,mahmoud ahmadinejad                ,-4678795136086809460,1.0000000000000004
-7689864187072814445,scott brown                        ,-8310023719465909789,1.0000000000000004
8741935759798039984 ,bukola saraki                      ,-2209714333319565875,1.0000000000000004
-2865823667483370081,aliko dangote                      ,-2209714333319565875,1.0000000000000004
6228466112440827679 ,danielle randolph                  ,-7981629573227806010,1.0000000000000004
-841256001430469459 ,thomas mulcair                     ,-2209714333319565875,1.0000000000000004
6047380490810195639 ,naftali bennett                    ,-4678795136086809460,1.0000000000000004
-5969770817905725727,alexei ulyukayev                   ,-5123806391895283158,1.0000000000000004
808498422582749051  ,jay inslee                         ,-5123806391895283158,1.0000000000000004
-5749477538071095049,carl icahn                         ,-5123806391895283158,1.0000000000000004
1520995045087008572 ,andrew getty                       ,-2209714333319565875,1.0000000000000004
-204349356392618973 ,william dudley                     ,-5888010320500233275,1.0000000000000004
-5826150201794399626,kathleen wynne                     ,-2209714333319565875,1.0000000000000004
-3366621895398912500,franklin d roosevelt               ,-5123806391895283158,1.0000000000000004
-5801313175022607534,michelle obama                     ,-5123806391895283158,1.0000000000000004
-6380341718939214796,rick santorum                      ,-2376203089953264870,1.0000000000000004
6462902609475320280 ,dick durbin                        ,-5123806391895283158,1.0000000000000004
-3926529187290102665,amir hekmati                       ,-4678795136086809460,1.0000000000000004
-8702971161602665376,mauricio macri                     ,-2498084582014429470,1.0000000000000004
-1357072485283351180,cilia flores                       ,-2498084582014429470,1.0000000000000004
-753292883416164054 ,arnold schwarzenegger              ,-2209714333319565875,1.0000000000000004
8445944091966627728 ,nasser karimi                      ,-5123806391895283158,1.0000000000000004
2359071505835446334 ,romero juca                        ,-2498084582014429470,1.0000000000000004
-4029203011630584403,nicole ducheneaux                  ,-6817692648362739035,1.0000000000000004
7672341117243153760 ,richard pullin                     ,-5123806391895283158,1.0000000000000004
-7831662779218070934,terry mcauliffe                    ,-5123806391895283158,1.0000000000000004
7896318561185901276 ,orrin hatch                        ,-5123806391895283158,1.0000000000000004
-5394155352991283277,tamas varga                        ,-5123806391895283158,1.0000000000000004
-1816866046870158706,doug burgum                        ,-6817692648362739035,1.0000000000000004
1215002096928707874 ,khalid al-falih                    ,-5123806391895283158,1.0000000000000004
2466718171216372801 ,nyesom wike                        ,-2209714333319565875,1.0000000000000004
2207334016565055949 ,kamala harris                      ,-2209714333319565875,1.0000000000000004
-7515309291958133185,jeff sessions                      ,-5123806391895283158,1.0000000000000004
1868154508237823227 ,rodrigo campos                     ,-5888010320500233275,1.0000000000000004
6919108881676297410 ,bijan zanganeh                     ,-5123806391895283158,1.0000000000000004
3575826565883763532 ,raghuram rajan                     ,-5470782197706017503,1.0000000000000004
3983001033083476074 ,bill walker                        ,-7981629573227806010,1.0000000000000004
8770548263920305041 ,joe biden                          ,-5123806391895283158,1.0000000000000004
-3393380061003476852,rand paul                          ,-5123806391895283158,1.0000000000000004
3554131571515796329 ,cliven bundy                       ,-5123806391895283158,1.0000000000000004
-61747791082459030  ,john schellnhuber                  ,-5123806391895283158,1.0000000000000004
495912723314298339  ,william maclean                    ,495912723314298339  ,1.0000000000000004
7961587406411262285 ,wesley clark                       ,-6817692648362739035,1.0000000000000004
-8180303330334575413,antonio guterres                   ,-5123806391895283158,1.0000000000000004
6868110971464094423 ,mark liponis                       ,-5123806391895283158,1.0000000000000004
-4503942782607555752,jennifer williams                  ,-2209714333319565875,1.0000000000000004
-2966009764693913365,petroleos mexicanos                ,-2209714333319565875,1.0000000000000004
4699081836471567702 ,steny hoyer                        ,-5123806391895283158,1.0000000000000004
-6976615727978322933,olusegun obasanjo                  ,-2209714333319565875,1.0000000000000004
-98432351508960590  ,hector timerman                    ,-98432351508960590  ,1.0000000000000004
1828307502429815362 ,isa al khalifa                     ,-5123806391895283158,1.0000000000000004
-2759353068949435074,angela charlton                    ,-5123806391895283158,1.0000000000000004
-4079307483102441109,carel van bylandtlaan              ,-2019257571715061722,1.0000000000000004
-8311584980666851264,mark wahlberg                      ,-8311584980666851264,1.0000000000000004
9036656099340829831 ,dmitry peskov                      ,-5123806391895283158,1.0000000000000004
1297010197430591288 ,ali abdullah saleh                 ,-7505950395755327245,1.0000000000000004
3002300466829421889 ,teresa schilling                   ,-2209714333319565875,1.0000000000000004
-1653125488376529568,john arthur smith                  ,-1653125488376529568,1.0000000000000004
-6409213882503626290,lawrence agcaoili                  ,1502858863154387400 ,1.0000000000000004
-329177663098512984 ,chi minh                           ,-2325711285380119741,1.0000000000000004
279376440014575588  ,al saud                            ,-5123806391895283158,1.0000000000000004
7576154559661242380 ,pavel molchanov                    ,-8310023719465909789,1.0000000000000004
8046829184940935104 ,brian fallon                       ,-5123806391895283158,1.0000000000000004
6456383079574550327 ,mike flynn                         ,-5123806391895283158,1.0000000000000004
-1744388888195572817,rajya sabha                        ,-5470782197706017503,1.0000000000000004
6132887020992818052 ,francois hollande                  ,-2209714333319565875,1.0000000000000004
5375312512869591172 ,julio borges                       ,-2498084582014429470,1.0000000000000004
5946092395964618595 ,jim drinkard                       ,-5123806391895283158,1.0000000000000004
-8983639325499901787,richard valdmanis                  ,-5123806391895283158,1.0000000000000004
1358566406561345815 ,freddy guevara                     ,-2498084582014429470,1.0000000000000004
-7724929033795123330,mikhail gorbachev                  ,-5123806391895283158,1.0000000000000004
-1542241663889755290,wayne cole                         ,-5888010320500233275,1.0000000000000004
-7394264953874666219,adam schiff                        ,-5123806391895283158,1.0000000000000004
2523002136167326932 ,gonzalo solano                     ,-2209714333319565875,1.0000000000000004
-443170810026268424 ,josh earnest                       ,-5123806391895283158,1.0000000000000004
-6671140351889828938,christine lagarde                  ,-5888010320500233275,1.0000000000000004
-6921004375998832904,matthew daly                       ,-5123806391895283158,1.0000000000000004
9181171295236226766 ,jean-marc ayrault                  ,-2209714333319565875,1.0000000000000004
-4441945530268272485,james bullard                      ,-5888010320500233275,1.0000000000000004
3070385651040436595 ,daniel flynn                       ,-2498084582014429470,1.0000000000000004
-5960365032131816100,geert wilders                      ,-2209714333319565875,1.0000000000000004
7502968584168722053 ,barry morris                       ,-2209714333319565875,1.0000000000000004
5277661777767546310 ,boris yeltsin                      ,-5123806391895283158,1.0000000000000004
8703150579817202173 ,steve warren                       ,-5123806391895283158,1.0000000000000004
3947752316946876218 ,steve mnuchin                      ,-5123806391895283158,1.0000000000000004
5286062173299316032 ,muammar gaddafi                    ,1554551611396352462 ,1.0000000000000004
-3131478713916425544,sean spicer                        ,-5123806391895283158,1.0000000000000004
912560556694041014  ,donald rumsfeld                    ,-5123806391895283158,1.0000000000000004
3415980862100933941 ,howard archer                      ,-2209714333319565875,1.0000000000000004
-7997757466815276871,tom price                          ,-5123806391895283158,1.0000000000000004
-3020210602665984071,jeff horwitz                       ,-5123806391895283158,1.0000000000000004
7117438024839016064 ,stephen innes                      ,-5888010320500233275,1.0000000000000004
9187478992269786939 ,martin schaefer                    ,-2209714333319565875,1.0000000000000004
7434294207925849020 ,george soros                       ,-5123806391895283158,1.0000000000000004
-2684917958566889702,babatunde fashola                  ,-2209714333319565875,1.0000000000000004
-3644856480091359686,john williams                      ,-5888010320500233275,1.0000000000000004
-1203650273977838851,george osborne                     ,-2209714333319565875,1.0000000000000004
-7185019324071561359,baltic states                      ,-5123806391895283158,1.0000000000000004
7980966127475085415 ,girish gupta                       ,-2498084582014429470,1.0000000000000004
-498940439488347009 ,tim nolan                          ,-7981629573227806010,1.0000000000000004
2325739286784425951 ,mount angel abbey                  ,-2209714333319565875,1.0000000000000004
6112367272880199254 ,vivian salama                      ,-5123806391895283158,1.0000000000000004
-195293542193935170 ,nancy pelosi                       ,-5123806391895283158,1.0000000000000004
-7505950395755327245,abed rabbo mansour                 ,-7505950395755327245,1.0000000000000004
6605055440449213852 ,arabia king salman                 ,-5123806391895283158,1.0000000000000004
5580127268651913566 ,richard lardner                    ,-5123806391895283158,1.0000000000000004
-1143221419536893729,sarah palin                        ,-5123806391895283158,1.0000000000000004
6100524139813431632 ,andy puzder                        ,-5123806391895283158,1.0000000000000004
-3136933928667018684,joe manchin                        ,-5123806391895283158,1.0000000000000004
189750312857630485  ,theodore roosevelt                 ,-5123806391895283158,1.0000000000000004
-4962133917858472980,sheikh mohammed                    ,-3222624696690863942,1.0000000000000004
6105480604113340528 ,mike levine                        ,-7981629573227806010,1.0000000000000004
-4430038640956617727,atiku abubakar                     ,-2209714333319565875,1.0000000000000004
-3222624696690863942,king abdullah                      ,-5123806391895283158,1.0000000000000004
-1558717610573664508,jack lew                           ,-2209714333319565875,1.0000000000000004
-2678760656895736205,sean murphy                        ,-5123806391895283158,1.0000000000000004
6373214243426714434 ,t boone pickens                    ,-5123806391895283158,1.0000000000000004
3815815919996108488 ,kevin cramer                       ,-6817692648362739035,1.0000000000000004
298627900943414666  ,malcolm turnbull                   ,-2209714333319565875,1.0000000000000004
-3039287807637284542,jill colvin                        ,-5123806391895283158,1.0000000000000004
-2180389149550549525,gordon getty                       ,-2209714333319565875,1.0000000000000004
3016979562142190363 ,sigmar gabriel                     ,-2209714333319565875,1.0000000000000004
1239823298764786415 ,jerry brown                        ,-2209714333319565875,1.0000000000000004
-7127417385137458703,thad cochran                       ,-5123806391895283158,1.0000000000000004
-7981629573227806010,arctic ocean                       ,-7981629573227806010,1.0000000000000004
6544891537376469301 ,amy goodman                        ,-6817692648362739035,1.0000000000000004
-1434719837809636368,william mckinley                   ,-5123806391895283158,1.0000000000000004
-554187375508143523 ,pope francis                       ,-2209714333319565875,1.0000000000000004
360482089417387317  ,steven perry                       ,-6817692648362739035,1.0000000000000004
-2935971305745324674,john antczak                       ,-2209714333319565875,1.0000000000000004
-7637287279631681353,george bush                        ,-5123806391895283158,1.0000000000000004
8001590646103101301 ,eraldo peres                       ,-2498084582014429470,1.0000000000000004
-5143022516697578113,mike nowatzki                      ,-6817692648362739035,1.0000000000000004
-7277866370139008222,ashton carter                      ,-5123806391895283158,1.0000000000000004
-4146951702412223009,jesus torrealba                    ,-2498084582014429470,1.0000000000000004
2807433448738490275 ,cardinal pietro parolin            ,-2209714333319565875,1.0000000000000004
-7104563295770410615,kevin brady                        ,-5123806391895283158,1.0000000000000004
-814913746738782376 ,cristina fernandez                 ,-2498084582014429470,1.0000000000000004
2444332910636806671 ,madhusudan kela                    ,1371428353417041331 ,1.0000000000000004
-8186771749423631100,evan lucas                         ,-5888010320500233275,1.0000000000000004
4160025932225395479 ,vladimir isachenkov                ,-5123806391895283158,1.0000000000000004
5985616868485889608 ,evan vucci                         ,-5123806391895283158,1.0000000000000004
8064149031820047117 ,mohammed morsi                     ,-2209714333319565875,1.0000000000000004
3739328396837047041 ,john lewis                         ,-5123806391895283158,1.0000000000000004
-3813147543746938562,david granger                      ,-2498084582014429470,1.0000000000000004
-7162183345972044884,kenneth aaron smith                ,-2446107919545999447,1.0000000000000004
-2158790193493657764,atlantic ocean                     ,-7981629573227806010,1.0000000000000004
779128267551182966  ,mitch mcconnell                    ,-5123806391895283158,1.0000000000000004
8267406639658118007 ,bob dudley                         ,-9156255397278359948,1.0000000000000004
4250204249271760289 ,sebastian kurz                     ,-5123806391895283158,1.0000000000000004
6482962707922207650 ,john richardson                    ,-2446107919545999447,1.0000000000000004
904394732160638920  ,fabiola sanchez                    ,-2498084582014429470,1.0000000000000004
3959871001906981613 ,serzh sargsyan                     ,-3125135966719759319,1.0000000000000004
-4225844333312675224,lee raymond                        ,-5123806391895283158,1.0000000000000004
-3031370732651188127,adam schreck                       ,-5123806391895283158,1.0000000000000004
-5246192327499103042,jean chretien                      ,-2209714333319565875,1.0000000000000004
7632495519982556382 ,delcy rodriguez                    ,-2498084582014429470,1.0000000000000004
168519186021231628  ,ian mccafferty                     ,-2209714333319565875,1.0000000000000004
-8400933185615456828,rodrigo maia                       ,-2498084582014429470,1.0000000000000004
5343072700314243820 ,van beurden                        ,-9156255397278359948,1.0000000000000004
8812523867682106208 ,shane oliver                       ,-5888010320500233275,1.0000000000000004
-7267829967023066942,meredith matthews                  ,-2209714333319565875,1.0000000000000004
7838348151486042105 ,mohamed morsi                      ,-2209714333319565875,1.0000000000000004
1732022312676159896 ,scott angelle                      ,1732022312676159896 ,1.0000000000000004
-6028761594130023296,burj khalifa                       ,-3222624696690863942,1.0000000000000004
2848041216899638147 ,dale hudson                        ,-5123806391895283158,1.0000000000000004
4889282811367499369 ,caroline stauffer                  ,-2498084582014429470,1.0000000000000004
-7166547167269953548,cory gardner                       ,-5123806391895283158,1.0000000000000004
-8714613529726824628,fidel castro                       ,-5123806391895283158,1.0000000000000004
6766351512512527647 ,matthew trevithick                 ,-4678795136086809460,1.0000000000000004
5679758924589637024 ,seth borenstein                    ,-8778605200936573775,1.0000000000000004
6308855773561958945 ,jack gerard                        ,-5123806391895283158,1.0000000000000004
-5826454461003635026,mohammed barkindo                  ,-5123806391895283158,1.0000000000000004
-3514601723494205038,jorge arreaza                      ,-2498084582014429470,1.0000000000000004
7184966688894900522 ,brian mcnoldy                      ,-5123806391895283158,1.0000000000000004
8670665194432039431 ,pacific ocean                      ,-2209714333319565875,1.0000000000000004
5805385331953026650 ,alan henning                       ,-2209714333319565875,1.0000000000000004
5538930853338555913 ,eric rosengren                     ,-5888010320500233275,1.0000000000000004
6258419706765604539 ,rodong sinmun                      ,-5123806391895283158,1.0000000000000004
9169490345438526152 ,hrvoje hranjski                    ,-3401558106062925973,1.0000000000000004
-9154042248315997889,al gore                            ,-5123806391895283158,1.0000000000000004
972166625298665897  ,rachel notley                      ,-2209714333319565875,1.0000000000000004
-6270542319968030505,martin omalley                     ,-5123806391895283158,1.0000000000000004
3709675875350988320 ,espen barth eide                   ,3045206282787798650 ,1.0000000000000004
8424014414438314999 ,donald vidrine                     ,-6351389831618156138,1.0000000000000004
-2286218414458106215,karolin schaps                     ,-5123806391895283158,1.0000000000000004
8896356103605523603 ,abdul samah                        ,6373727152685515717 ,1.0000000000000004
8132684862963203237 ,betty dobdon                       ,8132684862963203237 ,1.0000000000000004
6611336480032655854 ,james mattis                       ,-5123806391895283158,1.0000000000000004
-8499908249375507275,frank bajak                        ,-8778605200936573775,1.0000000000000004
3668838806884381306 ,susan collins                      ,-5123806391895283158,1.0000000000000004
2678352256151972608 ,chris weston                       ,-5123806391895283158,1.0000000000000004
3871463264121914972 ,ken thomas                         ,-5123806391895283158,1.0000000000000004
-322923810646053106 ,john brennan                       ,-5123806391895283158,1.0000000000000004
3191681007900562616 ,donald jr                          ,-5123806391895283158,1.0000000000000004
-3466288976667784699,john podesta                       ,-5123806391895283158,1.0000000000000004
2529995149406861280 ,yakubu dogara                      ,-2209714333319565875,1.0000000000000004
-8026554220441592583,umm sayyaf                         ,-8026554220441592583,1.0000000000000004
648803521752926221  ,rodrigo duterte                    ,-3401558106062925973,1.0000000000000004
-2730035321493431482,zayed al nahyan                    ,-3222624696690863942,1.0000000000000004
-5563146121424603261,paul cramer                        ,-5123806391895283158,1.0000000000000004
8234979108958894926 ,alberto nisman                     ,-98432351508960590  ,1.0000000000000004
4418623468891380562 ,sergey lavrov                      ,-5123806391895283158,1.0000000000000004
-4678795136086809460,hassan rouhani                     ,-4678795136086809460,1.0000000000000004
-2378702456246833943,stefan lofven                      ,-2209714333319565875,1.0000000000000004
922999064520858995  ,michel temer                       ,-2498084582014429470,1.0000000000000004
-1420375460633051046,matt dilallo                       ,-1420375460633051046,1.0000000000000004
8216699179086341487 ,nicos anastasiades                 ,3045206282787798650 ,1.0000000000000004
4396124940988717253 ,elaine chao                        ,-5123806391895283158,1.0000000000000004
1673031328778730547 ,moammar gadhafi                    ,-5123806391895283158,1.0000000000000004
-2152952207081359955,luisa ortega diaz                  ,-2498084582014429470,1.0000000000000004
7425471216720826696 ,wayne stenehjem                    ,-6817692648362739035,1.0000000000000004
4253976106295478409 ,siamak namazi                      ,-4678795136086809460,1.0000000000000004
3867665940551658973 ,valerie volcovici                  ,-5123806391895283158,1.0000000000000004
7007229769699816714 ,abraham lincoln                    ,-5123806391895283158,1.0000000000000004
-8422424525951467977,alan fram                          ,-5123806391895283158,1.0000000000000004
-631129468247919933 ,marvin nelson                      ,-6817692648362739035,1.0000000000000004
4109688446981792170 ,james macpherson                   ,-6817692648362739035,1.0000000000000004
7490588149625952520 ,rick perry                         ,-5123806391895283158,1.0000000000000004
1030373636060469033 ,peter kassig                       ,-2209714333319565875,1.0000000000000004
-6225865464430741523,viktor orban                       ,-5123806391895283158,1.0000000000000004
3031870671523911770 ,james foley                        ,-2209714333319565875,1.0000000000000004
67129535048934305   ,mario draghi                       ,-5888010320500233275,1.0000000000000004
4631402643363605340 ,john d rockefeller jr              ,3434937228167692261 ,1.0000000000000004
1254184443866449517 ,greg mckenna                       ,-5123806391895283158,1.0000000000000004
2605366745580009142 ,carly fiorina                      ,-2376203089953264870,1.0000000000000004
-234711892937886255 ,mike williams                      ,-8311584980666851264,1.0000000000000004
1395096736277627200 ,debbie wasserman schultz           ,-5123806391895283158,1.0000000000000004
-58081881544121599  ,jenny barchfield                   ,-2498084582014429470,1.0000000000000004
7318603150464814803 ,vladimir padrino lopez             ,-2498084582014429470,1.0000000000000004
5294071802991557752 ,abdulaziz al saud                  ,-5123806391895283158,1.0000000000000004
8856502813293651899 ,ben bernanke                       ,-5888010320500233275,1.0000000000000004
-960359810668329715 ,ngozi okonjo-iweala                ,-2209714333319565875,1.0000000000000004
750332727451173369  ,peter prengaman                    ,-2498084582014429470,1.0000000000000004
1554551611396352462 ,khalifa haftar                     ,1554551611396352462 ,1.0000000000000004
8333378779272360418 ,donnell hushka                     ,-6817692648362739035,1.0000000000000004
-2234739453058822859,nikolas lashbrook paducah          ,8132684862963203237 ,1.0000000000000004
252755001403351534  ,abu bakr al-baghdadi               ,-8026554220441592583,1.0000000000000004
-2376203089953264870,ted cruz                           ,-2376203089953264870,1.0000000000000004
4661474428476301296 ,tom gardner                        ,-1420375460633051046,1.0000000000000004
-5841166777524364385,dhruv desai                        ,-5841166777524364385,1.0000000000000004
8757928992278026968 ,pablo martinez monsivais           ,-5123806391895283158,1.0000000000000004
3653050014644792415 ,peter cook                         ,-5123806391895283158,1.0000000000000004
-3922507348792021692,scott walker                       ,-2376203089953264870,1.0000000000000004
-5169132709813319123,marcel thieliant                   ,-5123806391895283158,1.0000000000000004
-2395062809228361683,payu harris                        ,-6817692648362739035,1.0000000000000004
-4177940754133278792,robert mueller                     ,-5123806391895283158,1.0000000000000004
6915440518388851069 ,kelcy warren                       ,-6817692648362739035,1.0000000000000004
-4584259589746295249,bill clinton                       ,-5123806391895283158,1.0000000000000004
7335818529221202219 ,nosratollah khosravi-roodsari      ,-4678795136086809460,1.0000000000000004
-4654810087828893219,simon henry                        ,-9156255397278359948,1.0000000000000004
8366353836417263554 ,marcus bawol                       ,-5285211027918953228,1.0000000000000004
863436866251183678  ,robert f kennedy jr                ,-6817692648362739035,1.0000000000000004
-1704220627120820671,nataliya vasilyeva                 ,-5123806391895283158,1.0000000000000004
-6212011444670596833,ahmet davutoglu                    ,-5123806391895283158,1.0000000000000004
-1977007926969929341,joe ceci                           ,-2209714333319565875,1.0000000000000004
4597615694092845789 ,rick mcmichael                     ,-2209714333319565875,1.0000000000000004
-4595461474310074429,mike huckabee                      ,-2376203089953264870,1.0000000000000004
-942256357442469323 ,stoxx europe                       ,-5888010320500233275,1.0000000000000004
-2776212706572237214,joshua goodman                     ,-2209714333319565875,1.0000000000000004
2119354951289933627 ,lilian tintori                     ,-2498084582014429470,1.0000000000000004
-6552020793992789682,francois fillon                    ,-2209714333319565875,1.0000000000000004
5745090389146023302 ,las vegas                          ,-5123806391895283158,1.0000000000000004
-2813513129058830157,manuel valls                       ,-2209714333319565875,1.0000000000000004
644795234380659357  ,michael hewson                     ,-5123806391895283158,1.0000000000000004
3604169990221337414 ,lai mohammed                       ,-2209714333319565875,1.0000000000000004
330647866891942974  ,lolita c baldor                    ,-5123806391895283158,1.0000000000000004
2007965506053575896 ,roger kwok                         ,5602245785061237038 ,1.0000000000000004
-5480124283334723750,brian sandoval                     ,-5123806391895283158,1.0000000000000004
-2721946395184879286,phil greene                        ,-7981629573227806010,1.0000000000000004
8776758513095027067 ,darby allen                        ,-2209714333319565875,1.0000000000000004
2000442210124956849 ,nouri al-maliki                    ,-2209714333319565875,1.0000000000000004
-2540289165514605584,nicola sturgeon                    ,-2209714333319565875,1.0000000000000004
7132280360170479124 ,joseph radford                     ,-5123806391895283158,1.0000000000000004
4039981398678508939 ,joe oliver                         ,-2209714333319565875,1.0000000000000004
5106602221392741196 ,john horgan                        ,-2209714333319565875,1.0000000000000004
-2446107919545999447,john s mccain                      ,-2446107919545999447,1.0000000000000004
2560990076534926848 ,steve coll                         ,-5123806391895283158,1.0000000000000004
-401720564610116223 ,perfecto yasay                     ,-3401558106062925973,1.0000000000000004
-8460219923746299350,alexandra ulmer                    ,-2498084582014429470,1.0000000000000004
3719110628098336769 ,bangko sentral                     ,1502858863154387400 ,1.0000000000000004
4018041505326134685 ,richard nixon                      ,-5123806391895283158,1.0000000000000004
-5134555718574928434,jose luis rodriguez zapatero       ,-2498084582014429470,1.0000000000000004
4356211918290286401 ,jae c hong                         ,-2209714333319565875,1.0000000000000004
-2292005235093902488,teddy roosevelt                    ,-5123806391895283158,1.0000000000000004
8777361007022942590 ,mark fedor                         ,-7981629573227806010,1.0000000000000004
-5940679555693009599,anthony boadle                     ,-2498084582014429470,1.0000000000000004
-5378480904394717705,andrzej duda                       ,-2209714333319565875,1.0000000000000004
9169138842085312889 ,ali al-naimi                       ,-5123806391895283158,1.0000000000000004
-6547665733824167393,pena nieto                         ,-2209714333319565875,1.0000000000000004
-8705540068739447259,tom vilsack                        ,-5123806391895283158,1.0000000000000004
3498794456810234409 ,john kirby                         ,-5123806391895283158,1.0000000000000004
2472438969957637576 ,burley rupert                      ,-2540231989603794937,1.0000000000000004
-2498084582014429470,hugo chavez                        ,-2498084582014429470,1.0000000000000004
-2453076685057440212,alexei navalny                     ,-5123806391895283158,1.0000000000000004
9030877580491562914 ,our lady                           ,-2209714333319565875,1.0000000000000004
-7542946480976962834,diezani alison-madueke             ,-2209714333319565875,1.0000000000000004
-9143715679620637947,juha sipila                        ,-2209714333319565875,1.0000000000000004
860024824772812459  ,luisa ortega                       ,-2498084582014429470,1.0000000000000004
-8165127369680017339,dmitry zhdannikov                  ,-5123806391895283158,1.0000000000000004
8335183430390726244 ,david vitter                       ,1732022312676159896 ,1.0000000000000004
1917756763019387826 ,steffen seibert                    ,-2209714333319565875,1.0000000000000004
-1086463102053860736,armathwaite hall                   ,-5123806391895283158,1.0000000000000004
-4714869850286056982,leonardo dicaprio                  ,-5123806391895283158,1.0000000000000004
4439239363250194558 ,javad zarif                        ,-4678795136086809460,1.0000000000000004
4627523996172999934 ,jose antonio meade                 ,-2209714333319565875,1.0000000000000004
5501004649970139844 ,matthew brown                      ,-2209714333319565875,1.0000000000000004
-4116353207224457088,yemi osinbajo                      ,-2209714333319565875,1.0000000000000004
-5123806391895283158,vladimir putin                     ,-5123806391895283158,1.0000000000000004
4671722935545266065 ,joesley batista                    ,-2498084582014429470,1.0000000000000004
8886822588958539707 ,deir el-zour                       ,-5123806391895283158,1.0000000000000004
1544717718399102752 ,melania trump                      ,-5123806391895283158,1.0000000000000004
-698633528624703244 ,john hoeven                        ,-6817692648362739035,1.0000000000000004
-5825783656841140364,bert koenders                      ,-2209714333319565875,1.0000000000000004
7576240094557435372 ,robert burns                       ,-5123806391895283158,1.0000000000000004
8505632942591836846 ,jim webb                           ,-5123806391895283158,1.0000000000000004
-1266629959247391147,donald tusk                        ,-2209714333319565875,1.0000000000000004
7440073555896375181 ,addis ababa                        ,-6664691230212547061,1.0000000000000004
-1843037069962836581,rex tillerson                      ,-5123806391895283158,1.0000000000000004
6204253101571450692 ,fernando collor                    ,-2498084582014429470,1.0000000000000004
3111672688651582693 ,sunni muslim                       ,-5123806391895283158,1.0000000000000004
-5384617277383728220,edward snowden                     ,-5123806391895283158,1.0000000000000004
-3982908020687971013,matt mead                          ,-6817692648362739035,1.0000000000000004
8221521381664606233 ,haider al-abadi                    ,-2209714333319565875,1.0000000000000004
-9048825507867601153,ulf laessing                       ,-2209714333319565875,1.0000000000000004
90275451384712336   ,sani abacha                        ,-2209714333319565875,1.0000000000000004
-1333572134908333586,mahathir mohamad                   ,-2209714333319565875,1.0000000000000004
-133744476711841504 ,ayman al-warfalli                  ,-2209714333319565875,1.0000000000000004
7090419308735054832 ,lindsey graham                     ,-2376203089953264870,1.0000000000000004
4484300585804250915 ,whitney morreau                    ,8132684862963203237 ,1.0000000000000004
-6152157406336332429,petromatrix gmb                    ,-6152157406336332429,1.0000000000000004
-7189858928044189094,yoshihide suga                     ,-5123806391895283158,1.0000000000000004
-1252087531884353126,lamido sanusi                      ,-2209714333319565875,1.0000000000000004
1494706403670789234 ,charles evans                      ,-5888010320500233275,1.0000000000000004
-7789283960893038307,nikki haley                        ,-5123806391895283158,1.0000000000000004
-9137191236732479290,jill stein                         ,-6817692648362739035,1.0000000000000004
-7512783134188039914,nawaz sharif                       ,-5123806391895283158,1.0000000000000004
7372752747433170226 ,susana martinez                    ,-1653125488376529568,1.0000000000000004
-7170442259137058980,erica werner                       ,-5123806391895283158,1.0000000000000004
8008896902596356081 ,cynthia viteri                     ,-2209714333319565875,1.0000000000000004
-2757360214972800765,dennis feltgen                     ,-5123806391895283158,1.0000000000000004
3860471279103727794 ,chuck mikolajczak                  ,-5888010320500233275,1.0000000000000004
5014330170271960391 ,fernando llano                     ,-2498084582014429470,1.0000000000000004
6947547608906196067 ,femi adesina                       ,-2209714333319565875,1.0000000000000004
9086709613513791486 ,mark luschini                      ,2056194467090207696 ,1.0000000000000004
-526092449043131989 ,liu jieyi                          ,-5123806391895283158,1.0000000000000004
-3478596020125486938,bosco wong                         ,5602245785061237038 ,1.0000000000000004
